CREATE DATABASE  IF NOT EXISTS `recipe` /*!40100 DEFAULT CHARACTER SET utf8mb4 COLLATE utf8mb4_0900_ai_ci */ /*!80016 DEFAULT ENCRYPTION='N' */;
USE `recipe`;
-- MySQL dump 10.13  Distrib 8.0.34, for Win64 (x86_64)
--
-- Host: 3.38.181.77    Database: recipe
-- ------------------------------------------------------
-- Server version	8.0.32

/*!40101 SET @OLD_CHARACTER_SET_CLIENT=@@CHARACTER_SET_CLIENT */;
/*!40101 SET @OLD_CHARACTER_SET_RESULTS=@@CHARACTER_SET_RESULTS */;
/*!40101 SET @OLD_COLLATION_CONNECTION=@@COLLATION_CONNECTION */;
/*!50503 SET NAMES utf8 */;
/*!40103 SET @OLD_TIME_ZONE=@@TIME_ZONE */;
/*!40103 SET TIME_ZONE='+00:00' */;
/*!40014 SET @OLD_UNIQUE_CHECKS=@@UNIQUE_CHECKS, UNIQUE_CHECKS=0 */;
/*!40014 SET @OLD_FOREIGN_KEY_CHECKS=@@FOREIGN_KEY_CHECKS, FOREIGN_KEY_CHECKS=0 */;
/*!40101 SET @OLD_SQL_MODE=@@SQL_MODE, SQL_MODE='NO_AUTO_VALUE_ON_ZERO' */;
/*!40111 SET @OLD_SQL_NOTES=@@SQL_NOTES, SQL_NOTES=0 */;

--
-- Table structure for table `favorite_recipe`
--

DROP TABLE IF EXISTS `favorite_recipe`;
/*!40101 SET @saved_cs_client     = @@character_set_client */;
/*!50503 SET character_set_client = utf8mb4 */;
CREATE TABLE `favorite_recipe` (
  `favorite_recipe_seq` int NOT NULL AUTO_INCREMENT,
  `member_id` bigint NOT NULL,
  `recipe_id` int NOT NULL,
  PRIMARY KEY (`favorite_recipe_seq`),
  KEY `FKkc0xeltectgqgjnuemidtyi4i` (`recipe_id`),
  CONSTRAINT `FKkc0xeltectgqgjnuemidtyi4i` FOREIGN KEY (`recipe_id`) REFERENCES `recipe` (`recipe_id`)
) ENGINE=InnoDB AUTO_INCREMENT=53 DEFAULT CHARSET=utf8mb4 COLLATE=utf8mb4_0900_ai_ci;
/*!40101 SET character_set_client = @saved_cs_client */;

--
-- Dumping data for table `favorite_recipe`
--

LOCK TABLES `favorite_recipe` WRITE;
/*!40000 ALTER TABLE `favorite_recipe` DISABLE KEYS */;
INSERT INTO `favorite_recipe` VALUES (5,3029548333,26),(6,3029548333,28),(8,3029548333,31),(9,3029548333,40),(10,3029548333,39),(15,3029548333,42),(40,3029548333,54),(41,3029548333,49),(42,3029548333,53),(45,3033569142,41),(47,3029548333,30),(48,3033569142,54),(49,3029554590,55),(50,3029554590,45),(51,3027437248,52),(52,3027437248,53);
/*!40000 ALTER TABLE `favorite_recipe` ENABLE KEYS */;
UNLOCK TABLES;

--
-- Table structure for table `ingredient_info`
--

DROP TABLE IF EXISTS `ingredient_info`;
/*!40101 SET @saved_cs_client     = @@character_set_client */;
/*!50503 SET character_set_client = utf8mb4 */;
CREATE TABLE `ingredient_info` (
  `ingredient_info_id` smallint NOT NULL AUTO_INCREMENT,
  `ingredient_info_name` varchar(15) NOT NULL,
  PRIMARY KEY (`ingredient_info_id`),
  UNIQUE KEY `ingredient_info_name_UNIQUE` (`ingredient_info_name`)
) ENGINE=InnoDB AUTO_INCREMENT=891 DEFAULT CHARSET=utf8mb4 COLLATE=utf8mb4_0900_ai_ci;
/*!40101 SET character_set_client = @saved_cs_client */;

--
-- Dumping data for table `ingredient_info`
--

LOCK TABLES `ingredient_info` WRITE;
/*!40000 ALTER TABLE `ingredient_info` DISABLE KEYS */;
INSERT INTO `ingredient_info` VALUES (1,'가리비'),(2,'가오리'),(3,'가자미'),(4,'가죽나물'),(5,'가지'),(6,'간장'),(7,'갈치'),(8,'감'),(9,'감귤'),(10,'감식초'),(11,'감자'),(12,'감자전분'),(13,'감초'),(14,'갓'),(15,'갓김치'),(16,'강낭콩'),(17,'강황'),(18,'개암'),(19,'갯나물'),(20,'거봉'),(21,'거위알'),(22,'건고사리'),(23,'건고추'),(24,'건다시마'),(25,'건대추'),(26,'건무화과'),(27,'건블루베리'),(28,'건새우'),(29,'건아로니아'),(30,'건오징어'),(31,'건크랜베리'),(32,'건포도'),(33,'건표고버섯'),(34,'건홍합'),(35,'검은콩'),(36,'게'),(37,'겨자'),(38,'견과류'),(39,'계피가루'),(40,'고구마'),(41,'고구마순'),(42,'고구마전분'),(43,'고구마줄기'),(44,'고다치즈'),(45,'고등어'),(46,'고등어통조림'),(47,'고르곤졸라치즈'),(48,'고사리'),(49,'고수'),(50,'고운고춧가루'),(51,'고추'),(52,'고추기름'),(53,'고추씨'),(54,'고추장'),(55,'고춧가루'),(56,'고춧잎'),(57,'곤드레나물'),(58,'곤약'),(59,'골드키위'),(60,'골뱅이'),(61,'골뱅이통조림'),(62,'곰취'),(63,'곶감'),(64,'과메기'),(65,'과일'),(66,'관자'),(67,'광어'),(68,'구기자'),(69,'구아바'),(70,'구운소금'),(71,'국간장'),(72,'굴'),(73,'굴비'),(74,'굴소스'),(75,'굵은고춧가루'),(76,'굵은소금'),(77,'귀리'),(78,'그라나파다노치즈'),(79,'그릭요거트'),(80,'근대'),(81,'금귤'),(82,'기장'),(83,'김'),(84,'김치'),(85,'김치용 풀'),(86,'까나리액젓'),(87,'까망베르치즈'),(88,'깔루아'),(89,'깨'),(90,'깨소금'),(91,'깻잎'),(92,'꼬막'),(93,'꼬시래기'),(94,'꼬투리강낭콩'),(95,'꽁치'),(96,'꽁치통조림'),(97,'꽃게'),(98,'꽃소금'),(99,'꽈리고추'),(100,'꿀'),(101,'나도팽나무버섯'),(102,'나초'),(103,'낙지'),(104,'날치알'),(105,'낫토'),(106,'냉이'),(107,'넛맥'),(108,'노가리'),(109,'노각'),(110,'노루궁뎅이버섯'),(111,'노추소스'),(112,'녹두'),(113,'녹미'),(114,'녹차가루'),(115,'농어'),(116,'누룽지'),(117,'누텔라'),(118,'느타리버섯'),(119,'늙은호박'),(120,'능이버섯'),(121,'다래'),(122,'다마리간장'),(123,'다슬기'),(124,'다시다'),(125,'다시마'),(126,'다시마육수 '),(127,'다진마늘'),(128,'다진생강'),(129,'다크초콜릿'),(130,'다크커버춰초콜릿'),(131,'다홍채'),(132,'단무지'),(133,'단호박'),(134,'달걀'),(135,'달래'),(136,'닭가슴살'),(137,'닭가슴살통조림'),(138,'닭고기'),(139,'닭다리살'),(140,'닭똥집'),(141,'닭봉'),(142,'닭안심'),(143,'닭육수'),(144,'당귀'),(145,'당근'),(146,'당면'),(147,'당조고추'),(148,'대게'),(149,'대구'),(150,'대추'),(151,'대파'),(152,'대패삼겹살'),(153,'대하'),(154,'대합'),(155,'더덕'),(156,'데리야끼소스'),(157,'도다리'),(158,'도라지'),(159,'도루묵'),(160,'도미'),(161,'도토리'),(162,'도토리가루'),(163,'도토리묵'),(164,'돈가스'),(165,'돈가스소스'),(166,'돌나물'),(167,'돌미나리'),(168,'동태'),(169,'동태포'),(170,'돼지감자'),(171,'돼지고기'),(172,'돼지고기갈매기살'),(173,'돼지고기갈비'),(174,'돼지고기껍데기'),(175,'돼지고기다짐육'),(176,'돼지고기뒷다리'),(177,'돼지고기등뼈'),(178,'돼지고기등심'),(179,'돼지고기목심'),(180,'돼지고기사태'),(181,'돼지고기삼겹살'),(182,'돼지고기안심'),(183,'돼지고기앞다리'),(184,'돼지고기항정살'),(185,'돼지고기홍두깨살'),(186,'돼지등갈비'),(187,'된장'),(188,'두릅'),(189,'두리안'),(190,'두반장'),(191,'두부'),(192,'두유'),(193,'드라이이스트'),(194,'들기름'),(195,'들깨가루'),(196,'디종머스터드'),(197,'디포리'),(198,'딸기'),(199,'딸기잼'),(200,'땅콩'),(201,'땅콩버터 '),(202,'땅콩분태 '),(203,'떡볶이떡'),(204,'라면'),(205,'라이스페이퍼'),(206,'라임'),(207,'라임즙'),(208,'라조장'),(209,'라즈베리'),(210,'라즈베리잼'),(211,'랍스타'),(212,'래디시'),(213,'럼주'),(214,'레드비트'),(215,'레드와인'),(216,'레드페퍼'),(217,'레몬'),(218,'레몬제스트'),(219,'레몬주스'),(220,'레몬즙'),(221,'레몬청'),(222,'레시피마다달라요!'),(223,'렌틸콩'),(224,'로메인'),(225,'로즈마리'),(226,'롤라로사'),(227,'롤치즈'),(228,'루꼴라'),(229,'리치'),(230,'리코타치즈'),(231,'마'),(232,'마가린'),(233,'마늘'),(234,'마늘 가루'),(235,'마늘종'),(236,'마늘쫑'),(237,'마론잼'),(238,'마스카포네치즈'),(239,'마요네즈'),(240,'마카다미아'),(241,'마카로니'),(242,'막걸리'),(243,'만가닥버섯'),(244,'만능간장'),(245,'만두 '),(246,'만두피'),(247,'말린취나물'),(248,'말차가루'),(249,'맛간장'),(250,'맛살'),(251,'맛소금'),(252,'맛술'),(253,'망고'),(254,'망고스틴'),(255,'망고잼'),(256,'매생이'),(257,'매실'),(258,'매실액'),(259,'매실주'),(260,'매실청'),(261,'맥주'),(262,'머루'),(263,'머스터드'),(264,'머위'),(265,'머위대'),(266,'머윗잎'),(267,'멍게'),(268,'메로'),(269,'메밀'),(270,'메밀가루'),(271,'메밀면'),(272,'메밀묵'),(273,'메이플시럽'),(274,'메추리알'),(275,'멜론'),(276,'멥쌀'),(277,'멥쌀가루'),(278,'멸치'),(279,'멸치 육수'),(280,'멸치가루'),(281,'멸치액젓'),(282,'명란'),(283,'명란젓'),(284,'명엽채'),(285,'명이나물'),(286,'명태'),(287,'명태포'),(288,'모과'),(289,'모닝고추 '),(290,'모닝빵'),(291,'모짜렐라치즈'),(292,'목이버섯'),(293,'무'),(294,'무말랭이 '),(295,'무순'),(296,'무슈구슈'),(297,'무싹'),(298,'무쌈'),(299,'무염버터 '),(300,'무청'),(301,'무화과'),(302,'묵은지'),(303,'문어'),(304,'물'),(305,'물김'),(306,'물메기'),(307,'물엿'),(308,'미꾸라지'),(309,'미나리'),(310,'미니단호박'),(311,'미니사과'),(312,'미니새송이버섯'),(313,'미더덕'),(314,'미림'),(315,'미소된장'),(316,'미숫가루'),(317,'미역'),(318,'미역귀'),(319,'미역줄기'),(320,'미원'),(321,'민어'),(322,'민트'),(323,'밀'),(324,'밀가루'),(325,'밀가루강력분'),(326,'밀가루박력분'),(327,'밀가루중력분'),(328,'밀글루텐'),(329,'밀싹'),(330,'바게트'),(331,'바나나'),(332,'바닐라럼주'),(333,'바닐라빈 '),(334,'바닐라에센스'),(335,'바닐라오일'),(336,'바닐라익스트랙'),(337,'바지락'),(338,'바질'),(339,'바질페스토'),(340,'반건조오징어'),(341,'발사믹식초'),(342,'발사믹크림'),(343,'밤'),(344,'밤고구마'),(345,'밤호박'),(346,'밥새우'),(347,'방아잎'),(348,'방울양배추'),(349,'방울토마토'),(350,'방풍나물'),(351,'배'),(352,'배즙'),(353,'배추'),(354,'배추김치'),(355,'백도복숭아'),(356,'백련초가루'),(357,'백미'),(358,'백설탕'),(359,'백아몬드'),(360,'백태'),(361,'백합'),(362,'백후추'),(363,'뱅어포'),(364,'버섯'),(365,'버찌'),(366,'버터'),(367,'번데기'),(368,'베이글'),(369,'베이컨'),(370,'베이크드빈'),(371,'베이킹소다'),(372,'베이킹파우더'),(373,'베트남고추'),(374,'병아리콩'),(375,'병어'),(376,'보드카'),(377,'보리'),(378,'보리가루'),(379,'보리새우'),(380,'보리수'),(381,'복분자'),(382,'복분자주'),(383,'복분자청'),(384,'복숭아'),(385,'복숭아잼'),(386,'봄동'),(387,'부추'),(388,'부침가루'),(389,'북어'),(390,'북어포'),(391,'분당'),(392,'분모자 당면'),(393,'분유'),(394,'불고기'),(395,'붕장어'),(396,'브랜디'),(397,'브로콜리'),(398,'브리치즈'),(399,'블랙올리브'),(400,'블루베리'),(401,'블루베리잼'),(402,'블루치즈'),(403,'비름'),(404,'비엔나소세지'),(405,'비지'),(406,'비트'),(407,'비파'),(408,'빙어'),(409,'빵가루'),(410,'사골곰탕 '),(411,'사과'),(412,'사과식초 '),(413,'사과잼'),(414,'사과즙'),(415,'사우전아일랜드'),(416,'사워크림'),(417,'사이다'),(418,'산딸기'),(419,'산수유'),(420,'살구'),(421,'살구잼'),(422,'삼치'),(423,'상추'),(424,'새송이버섯'),(425,'새우'),(426,'새우살'),(427,'새우액젓'),(428,'새우젓'),(429,'새조개'),(430,'샐러드 채소'),(431,'샐러리'),(432,'생강'),(433,'생강가루'),(434,'생강술'),(435,'생강즙'),(436,'생강청'),(437,'생크림'),(438,'생태포'),(439,'샤프인스턴트'),(440,'서대'),(441,'서덜'),(442,'석류'),(443,'석이버섯'),(444,'설탕'),(445,'셀러리'),(446,'소고기'),(447,'소고기갈비'),(448,'소고기국거리'),(449,'소고기다짐육'),(450,'소고기등심'),(451,'소고기목심'),(452,'소고기불고기'),(453,'소고기사골'),(454,'소고기사태'),(455,'소고기살치살'),(456,'소고기선지'),(457,'소고기안심'),(458,'소고기안창살'),(459,'소고기앞다리'),(460,'소고기우둔살'),(461,'소고기차돌박이'),(462,'소고기채끝'),(463,'소금'),(464,'소라'),(465,'소면'),(466,'소주'),(467,'솔잎'),(468,'송어'),(469,'쇼트닝'),(470,'수박'),(471,'수박껍질'),(472,'수수'),(473,'숙주'),(474,'순대'),(475,'순두부'),(476,'순무'),(477,'슈가파우더'),(478,'스리라차소스'),(479,'스위티'),(480,'스테이크소스'),(481,'스트링치즈'),(482,'스파게티면'),(483,'스파게티소스'),(484,'스프링클'),(485,'슬라이스치즈'),(486,'슬라이스햄'),(487,'시금치'),(488,'시래기'),(489,'시럽'),(490,'시판 치킨'),(491,'식빵'),(492,'식용색소'),(493,'식용유'),(494,'식초'),(495,'실고추'),(496,'실곤약'),(497,'실치'),(498,'실파'),(499,'쌀'),(500,'쌀가루'),(501,'쌀국수면'),(502,'쌀뜨물'),(503,'쌈장'),(504,'쌈채소'),(505,'쑥'),(506,'쑥갓'),(507,'쑥부쟁이'),(508,'씀바귀'),(509,'아가베시럽'),(510,'아구'),(511,'아라잔'),(512,'아로니아'),(513,'아마씨'),(514,'아마씨유'),(515,'아몬드'),(516,'아몬드가루'),(517,'아몬드분태'),(518,'아몬드슬라이스'),(519,'아보카도'),(520,'아삭이고추'),(521,'아스파라거스'),(522,'아오리사과'),(523,'아욱'),(524,'아이스크림'),(525,'아이스플랜트'),(526,'안초비'),(527,'알감자'),(528,'알배기배추'),(529,'암게'),(530,'애느타리버섯'),(531,'애플망고'),(532,'애플민트'),(533,'애호박'),(534,'액젓'),(535,'앵두'),(536,'야콘'),(537,'약콩'),(538,'양갱'),(539,'양고기갈비'),(540,'양념장'),(541,'양미리'),(542,'양배추'),(543,'양상추'),(544,'양송이버섯'),(545,'양조간장'),(546,'양조식초'),(547,'양파'),(548,'양파 가루'),(549,'양파즙'),(550,'어간장'),(551,'어린잎채소'),(552,'어묵'),(553,'얼갈이배추'),(554,'에그베네딕트용 빵'),(555,'에멘탈치즈'),(556,'에스프레소'),(557,'엔다이브'),(558,'여주'),(559,'연겨자'),(560,'연근'),(561,'연두부'),(562,'연어'),(563,'연어통조림'),(564,'연유'),(565,'연잎'),(566,'열무'),(567,'열무김치'),(568,'열빙어'),(569,'영양부추'),(570,'오골계'),(571,'오디'),(572,'오디진액'),(573,'오레가노'),(574,'오렌지'),(575,'오렌지술'),(576,'오리고기'),(577,'오리고기훈제'),(578,'오리알'),(579,'오만둥이'),(580,'오미자'),(581,'오이'),(582,'오이지'),(583,'오징어'),(584,'오징어젓'),(585,'오트밀'),(586,'옥돔'),(587,'옥수수'),(588,'옥수수가루'),(589,'옥수수전분'),(590,'옥수수통조림'),(591,'올리고당'),(592,'올리브'),(593,'올리브유'),(594,'올방개묵'),(595,'와사비'),(596,'와플'),(597,'완두콩'),(598,'요거트'),(599,'요거트파우더'),(600,'요구르트'),(601,'요리용 떡'),(602,'용과'),(603,'우거지'),(604,'우동면'),(605,'우럭'),(606,'우렁'),(607,'우뭇가사리'),(608,'우스타소스'),(609,'우엉'),(610,'원당'),(611,'원추리'),(612,'월계수잎'),(613,'유부'),(614,'유자'),(615,'유자청'),(616,'유채나물'),(617,'육수'),(618,'육포'),(619,'율무'),(620,'은행'),(621,'이스트'),(622,'이탈리안시즈닝'),(623,'인삼'),(624,'인스턴트드라이이스트'),(625,'인스턴트커피'),(626,'임연수'),(627,'잎새버섯'),(628,'자두'),(629,'자몽'),(630,'자색감자'),(631,'자색고구마'),(632,'자색양배추'),(633,'자색양파'),(634,'자이로과당'),(635,'자일로스설탕'),(636,'잔멸치'),(637,'잡채'),(638,'잣'),(639,'장어'),(640,'재첩'),(641,'저지방우유'),(642,'적겨자'),(643,'적양배추 '),(644,'적채'),(645,'전복'),(646,'전분물'),(647,'전어'),(648,'정종'),(649,'정향'),(650,'제빵개량제'),(651,'제피가루 '),(652,'젤라틴'),(653,'조'),(654,'조개'),(655,'조개젓'),(656,'조기'),(657,'조랭이떡'),(658,'조미김'),(659,'조선간장'),(660,'조청'),(661,'죽순'),(662,'중하'),(663,'쥐똥고추'),(664,'쥐포'),(665,'쥬키니호박'),(666,'즉석밥'),(667,'진미채'),(668,'짜장가루'),(669,'쪽파'),(670,'쫄면'),(671,'쭈꾸미'),(672,'쯔유'),(673,'차이브'),(674,'차조'),(675,'참기름'),(676,'참깨'),(677,'참나물'),(678,'참송이버섯'),(679,'참외'),(680,'참치'),(681,'참치액'),(682,'참치통조림'),(683,'참타리버섯'),(684,'찹쌀'),(685,'찹쌀가루'),(686,'찹쌀현미'),(687,'채소'),(688,'천도복숭아'),(689,'천사채'),(690,'천연조미료'),(691,'천일염'),(692,'천혜향'),(693,'청경채'),(694,'청국장'),(695,'청귤'),(696,'청양고추'),(697,'청양고춧가루'),(698,'청주'),(699,'청포도'),(700,'청포묵'),(701,'체다치즈'),(702,'체리'),(703,'체리잼'),(704,'초간장'),(705,'초고추장'),(706,'초록입홍합'),(707,'초석잠'),(708,'초코청크'),(709,'초콜릿'),(710,'초콜릿칩'),(711,'총각무'),(712,'춘권피'),(713,'취나물'),(714,'취청오이'),(715,'치아씨드'),(716,'치자'),(717,'치즈'),(718,'치커리'),(719,'치킨스톡'),(720,'칠리소스'),(721,'칠리오일'),(722,'칠리파우더'),(723,'칡'),(724,'카놀라유'),(725,'카레'),(726,'카야잼'),(727,'카카오닙'),(728,'칵테일새우'),(729,'칼국수'),(730,'칼라플라워'),(731,'캐러멜'),(732,'캐러멜소스'),(733,'캐비아'),(734,'캐슈넛'),(735,'캡사이신소스'),(736,'케이엔 페퍼'),(737,'케이준시즈닝'),(738,'케이퍼'),(739,'케일'),(740,'케찹'),(741,'코다리'),(742,'코코넛'),(743,'코코넛밀크'),(744,'코코넛설탕'),(745,'코코넛오일'),(746,'코코아'),(747,'코코아가루'),(748,'콜라'),(749,'콜라비'),(750,'콜리플라워'),(751,'콩가루'),(752,'콩고기'),(753,'콩기름'),(754,'콩나물'),(755,'콩비지'),(756,'쿠킹스위트 '),(757,'퀴노아'),(758,'큐민'),(759,'큐브참치통조림'),(760,'크래커'),(761,'크랜베리'),(762,'크림치즈'),(763,'크림캐러멜'),(764,'크림파티쉐'),(765,'키위'),(766,'키조개'),(767,'타르타르소스'),(768,'타임'),(769,'탄산수'),(770,'탈지분유'),(771,'태국고추'),(772,'탱자'),(773,'토란'),(774,'토란대'),(775,'토르티야'),(776,'토마토'),(777,'토마토소스'),(778,'토마토페이스트'),(779,'토장'),(780,'토판염'),(781,'토하젓'),(782,'톳'),(783,'통깨'),(784,'통밀가루'),(785,'통후추'),(786,'튀김가루'),(787,'트러플쉘'),(788,'트레비소'),(789,'트리몰린'),(790,'파래'),(791,'파르메자노치즈'),(792,'파르팔레파스타면'),(793,'파마산치즈'),(794,'파마산치즈가루'),(795,'파스타면'),(796,'파슬리'),(797,'파인애플'),(798,'파인애플통조림'),(799,'파파야'),(800,'파프리카'),(801,'파프리카파우더'),(802,'팔각'),(803,'팥'),(804,'팥배기'),(805,'팥앙금'),(806,'팽이버섯'),(807,'펄슈가'),(808,'페타치즈'),(809,'페투치네파스타면'),(810,'페페론치노고추'),(811,'포도'),(812,'포도씨유'),(813,'포트와인'),(814,'포항초'),(815,'폰즈소스'),(816,'표고버섯'),(817,'풋고추'),(818,'풋마늘'),(819,'프랑크소시지'),(820,'피망'),(821,'피스타치오'),(822,'피시소스'),(823,'피자소스'),(824,'피자치즈'),(825,'피조개'),(826,'피칸'),(827,'피클'),(828,'피클링스파이스'),(829,'하겔슈가'),(830,'하몬'),(831,'하우다치즈'),(832,'한라봉'),(833,'한천'),(834,'한치'),(835,'할라피뇨'),(836,'함초'),(837,'핫소스'),(838,'핫케이크가루'),(839,'해물믹스'),(840,'해바라기씨'),(841,'해바라기씨유'),(842,'해삼'),(843,'해선장'),(844,'해파리'),(845,'햄'),(846,'햄통조림'),(847,'허니머스터드'),(848,'허브솔트'),(849,'허브치즈'),(850,'헤이즐넛'),(851,'현미'),(852,'현미식초'),(853,'호두'),(854,'호떡믹스'),(855,'호밀'),(856,'호박'),(857,'호박고구마'),(858,'호박고지'),(859,'호박씨'),(860,'호박잎'),(861,'호부추'),(862,'혼다시'),(863,'홀그레인머스터드'),(864,'홀스래디쉬소스'),(865,'홀토마토'),(866,'홍삼'),(867,'홍삼진액'),(868,'홍시'),(869,'홍어'),(870,'홍차'),(871,'홍합'),(872,'화이트와인'),(873,'화이트초콜릿'),(874,'황금송이버섯'),(875,'황기'),(876,'황도복숭아'),(877,'황석어젓'),(878,'황설탕'),(879,'황태'),(880,'황태채'),(881,'황태포'),(882,'후르츠통조림'),(883,'후리카케'),(884,'후춧가루'),(885,'훈제연어'),(886,'휘핑크림'),(887,'흑미'),(888,'흑설탕'),(889,'흑임자'),(890,'흑초');
/*!40000 ALTER TABLE `ingredient_info` ENABLE KEYS */;
UNLOCK TABLES;

--
-- Table structure for table `recipe`
--

DROP TABLE IF EXISTS `recipe`;
/*!40101 SET @saved_cs_client     = @@character_set_client */;
/*!50503 SET character_set_client = utf8mb4 */;
CREATE TABLE `recipe` (
  `recipe_id` int NOT NULL AUTO_INCREMENT,
  `cooking_time` varchar(10) DEFAULT NULL,
  `favorite_count` int NOT NULL DEFAULT '0',
  `food_name` varchar(10) DEFAULT NULL,
  `image_url` varchar(255) DEFAULT NULL,
  `member_id` bigint NOT NULL,
  `modify_datetime` datetime(6) NOT NULL,
  `regist_datetime` datetime(6) NOT NULL,
  `serving` varchar(15) NOT NULL,
  `title` varchar(32) NOT NULL,
  `youtube_url` varchar(255) DEFAULT NULL,
  PRIMARY KEY (`recipe_id`)
) ENGINE=InnoDB AUTO_INCREMENT=56 DEFAULT CHARSET=utf8mb4 COLLATE=utf8mb4_0900_ai_ci;
/*!40101 SET character_set_client = @saved_cs_client */;

--
-- Dumping data for table `recipe`
--

LOCK TABLES `recipe` WRITE;
/*!40000 ALTER TABLE `recipe` DISABLE KEYS */;
INSERT INTO `recipe` VALUES (26,'30분',1,'김치찌개','https://s09-a502.s3.ap-northeast-2.amazonaws.com/recipe/0590b229-9f6e-40a2-9525-41212f4d20dd-undefined',3029554590,'2023-09-29 07:14:53.877367','2023-09-28 09:23:15.224401','3인분','고기가 많은 김치찌개!','https://www.youtube.com/watch?v=qWbHSOplcvY'),(27,'20분',0,'된장찌개','https://s09-a502.s3.ap-northeast-2.amazonaws.com/recipe/6cfa5b77-c2d5-43de-80aa-791084947a19-undefined',3029548333,'2023-09-28 11:41:05.056965','2023-09-28 11:41:05.056929','2인분','된장찌개 이걸참아?','https://youtu.be/ffuakdFmuh4?si=eIaw4dbj39-BkyI_'),(28,'35분',1,'떡볶이','https://s09-a502.s3.ap-northeast-2.amazonaws.com/recipe/eedf85b3-cf07-46c9-8f2e-28259f04bbe2-undefined',3029548333,'2023-09-29 07:15:00.613168','2023-09-28 11:52:21.000969','2인분','엽떡보다 맛있는 떡볶이!!','https://youtu.be/t4Es8mwdYlE?si=ASYUuIECqpJxIKbr'),(29,'30분 이내',0,'해물파전','https://s09-a502.s3.ap-northeast-2.amazonaws.com/recipe/c43b666d-d412-467f-bd36-8fb2ebb32c0f-undefined',3029554590,'2023-09-28 12:04:33.039918','2023-09-28 12:04:33.039911','2인분','바삭바삭 해물파전♡','https://youtu.be/12e93a8T2nU?si=4__1N6D7tBD8i87W'),(30,'30분 이내',1,'제육볶음','https://s09-a502.s3.ap-northeast-2.amazonaws.com/recipe/9d01b074-a97e-47cc-9d27-ca748eec3634-undefined',3029548333,'2023-10-05 15:39:33.673425','2023-09-28 12:45:01.751732','4인분','제육볶음 드루와','https://youtu.be/thXIVUt9PBU?si=tMwq-UZmfyMeARJP'),(31,'10분 이내',1,'김치볶음밥','https://s09-a502.s3.ap-northeast-2.amazonaws.com/recipe/a3806821-e84f-46c9-9316-2142e57f7795-undefined',3029548333,'2023-09-29 07:15:11.980047','2023-09-28 12:58:43.809796','2인분','김치볶음밥 쉽고 맛있게 만들기','https://youtu.be/eIo2BaE6LxI?si=Onb7ntvRi8ftxVRI'),(32,'30분 이내',0,'김치전','https://s09-a502.s3.ap-northeast-2.amazonaws.com/recipe/77de2848-da99-4651-bc68-17661441e55a-undefined',3029548333,'2023-09-28 13:07:40.233274','2023-09-28 13:07:40.233266','2인분','바삭~~~한 김치전','https://youtu.be/47OIcvpqxlo?si=gsFKX2BlrafRejbk'),(33,'5분 이내',0,'버터계란볶음밥','https://s09-a502.s3.ap-northeast-2.amazonaws.com/recipe/38bbfc49-ce52-4bc0-9768-f233ac6d2f1e-undefined',3029548333,'2023-09-28 13:23:55.524412','2023-09-28 13:23:55.524405','2인분','윤기좔좔 버터계란볶음밥','https://youtu.be/kR77WlHRZrs?si=miFpYmO4gQjdCAd9'),(37,'30분 이내',0,'소고기 장조림','https://s09-a502.s3.ap-northeast-2.amazonaws.com/recipe/1819e435-55e0-40b7-aaab-32f5dacbc8de-undefined',3029548333,'2023-09-29 07:47:25.743573','2023-09-29 07:47:25.743563','2인분','소고기 장조림 황금레시피!','https://youtu.be/VDn_dcC88mc?si=TFQv572Hqd2THVW5'),(38,'15분 이내',0,'감자볶음','https://s09-a502.s3.ap-northeast-2.amazonaws.com/recipe/80b68abc-9f40-4888-ba68-b6a064ca724c-undefined',3029548333,'2023-09-29 08:00:01.182779','2023-09-29 08:00:01.182771','2인분','맛있는 감자볶음!',NULL),(39,'30분 이내',1,'돈까스','https://s09-a502.s3.ap-northeast-2.amazonaws.com/recipe/18c57e5a-3399-4c9c-9e17-09b768b27111-undefined',3029548333,'2023-10-05 03:20:33.878178','2023-09-29 08:19:34.355736','2인분','간단한 돈까스 만드는법','https://youtu.be/037o6vxm0es?si=AshZtZOMNEyzdskL'),(40,'15분 이내',1,'바나나구이','https://s09-a502.s3.ap-northeast-2.amazonaws.com/recipe/1fc1fea2-64f6-4a8d-9afe-219cdf5f9cf6-undefined',3029548333,'2023-10-05 03:22:09.435305','2023-09-29 08:27:35.236517','1인분','에어프라이어로 바나나구이 해먹는법',NULL),(41,'2시간',1,'파인애플 피자','https://s09-a502.s3.ap-northeast-2.amazonaws.com/recipe/9c99b8ce-afbc-4c01-a28a-f5e5a34522f7-undefined',100,'2023-10-05 14:58:13.951718','2023-10-05 05:50:45.431618','4인분','단짠의 극치! 파인애플 피자!','https://youtu.be/3TQObZg09BA?si=YBbJUxAkiehk7O1i'),(42,'30분',1,'피쉬 앤 칩스','https://s09-a502.s3.ap-northeast-2.amazonaws.com/recipe/47c7393b-bec8-4783-a433-418e1f8ccdec-undefined',100,'2023-10-05 06:26:36.335737','2023-10-05 06:03:37.635292','500g','영국의 자랑! 피쉬 앤 칩스','https://youtu.be/kd7OJeRTsFw?si=nmVnQuZ0ZhN021DS'),(43,'1시간',0,'민트초코 아이스크림','https://s09-a502.s3.ap-northeast-2.amazonaws.com/recipe/75bc48aa-4f2e-48b9-87da-88f0647ad934-undefined',100,'2023-10-05 06:11:59.203706','2023-10-05 06:11:59.203700','3인분','양치가 필요없다! 민초 아이스크림','https://youtu.be/e5TaPe8mUcY?si=-H3GG_X6P2QtLNna'),(44,'45분',0,'탕수육','https://s09-a502.s3.ap-northeast-2.amazonaws.com/recipe/d86c79c0-64a5-4c69-9d3a-0bab851e53a7-undefined',1000,'2023-10-05 06:30:52.412026','2023-10-05 06:30:52.412020','4인분','쫀득쫀득!좋냉신나!탕수육','https://youtu.be/I2QfbKGuVe4?si=YmnnvQi-vyai0a-m'),(45,'1시간',1,'초콜릿 케이크','https://s09-a502.s3.ap-northeast-2.amazonaws.com/recipe/15f93128-30b7-4f7f-85a9-f4ce1c6c5c7a-undefined',10000,'2023-10-06 00:02:09.972903','2023-10-05 06:41:44.911227','3인분','설탕폭탄! 초콜릿 케이크','https://youtu.be/aXJgN_JjYDg?si=FyC0J81V58zosGp2'),(47,'45분',0,'고구마 맛탕','https://s09-a502.s3.ap-northeast-2.amazonaws.com/recipe/ab79186b-86df-48a9-8305-1752415bbb4c-undefined',10000,'2023-10-05 06:53:10.998009','2023-10-05 06:53:10.998004','300g','탕후루보다 달다. 고구마 맛탕!','https://youtu.be/aXJgN_JjYDg?si=7f4wdmnMCYPslpNE'),(48,'10분',0,'짬뽕라면','https://s09-a502.s3.ap-northeast-2.amazonaws.com/recipe/af26c694-eafc-4b3c-b777-b262521f6065-undefined',1000,'2023-10-05 07:05:30.709538','2023-10-05 07:05:30.709532','1인분','불맛 입힌 2000년 전통의 짬뽕라면','https://youtu.be/29IplByHZBU?si=JozWFTBFm6z5T2o-'),(49,'30분',1,'코다리조림','https://s09-a502.s3.ap-northeast-2.amazonaws.com/recipe/3d183f6e-32ef-4786-9671-0cdccd9af780-undefined',10000,'2023-10-05 11:22:59.342136','2023-10-05 07:29:48.454213','2인분','군대의 추억...코다리 조림','https://youtu.be/FSTL8TjlC6k?si=FVshByJhjoZdR_Jn'),(52,'45분',1,'칠리새우','https://s09-a502.s3.ap-northeast-2.amazonaws.com/recipe/2e5befdb-3359-4cdd-a26b-f11d5ddede10-undefined',1000,'2023-10-06 00:30:39.993863','2023-10-05 07:52:58.695458','2인분','이거 먹어보새우...칠리새우','https://youtu.be/HHxrciV2-MU?si=FGbTQitZlIsO3Rnr'),(53,'1시간',2,'불닭','https://s09-a502.s3.ap-northeast-2.amazonaws.com/recipe/52c32a17-35b8-4836-80e1-54aba13b8ba5-undefined',3027437248,'2023-10-06 00:30:46.251427','2023-10-05 08:07:31.527861','2인분','취하고 싶을때 먹기 좋은 불닭 레시피',NULL),(54,'2시간',2,'치킨 카레','https://s09-a502.s3.ap-northeast-2.amazonaws.com/recipe/d2bbdf97-9142-4fbf-80c0-7c120c8a0ec4-undefined',100,'2023-10-05 22:50:31.411530','2023-10-05 08:20:12.605433','4인분','영국의 자랑, 치킨 카레','https://youtu.be/y-VjBxMufhw?si=n3gyIZ4YNnawWMkr'),(55,'4분',1,'라면','https://s09-a502.s3.ap-northeast-2.amazonaws.com/recipe/cc4e3f41-55a6-48e3-aa0d-288079fe767a-undefined',3029554590,'2023-10-06 00:02:01.618440','2023-10-05 14:52:37.424414','1인분','MSG 근본메뉴! 라면!',NULL);
/*!40000 ALTER TABLE `recipe` ENABLE KEYS */;
UNLOCK TABLES;

--
-- Table structure for table `recipe_custom_ingredient`
--

DROP TABLE IF EXISTS `recipe_custom_ingredient`;
/*!40101 SET @saved_cs_client     = @@character_set_client */;
/*!50503 SET character_set_client = utf8mb4 */;
CREATE TABLE `recipe_custom_ingredient` (
  `recipe_custom_ingredient_seq` int NOT NULL AUTO_INCREMENT,
  `amount` varchar(10) DEFAULT NULL,
  `ingredient_name` varchar(15) DEFAULT NULL,
  `recipe_id` int NOT NULL,
  PRIMARY KEY (`recipe_custom_ingredient_seq`),
  KEY `FKirxhaikkbuyjhl9cyh0bnjhci` (`recipe_id`),
  CONSTRAINT `FKirxhaikkbuyjhl9cyh0bnjhci` FOREIGN KEY (`recipe_id`) REFERENCES `recipe` (`recipe_id`)
) ENGINE=InnoDB AUTO_INCREMENT=23 DEFAULT CHARSET=utf8mb4 COLLATE=utf8mb4_0900_ai_ci;
/*!40101 SET character_set_client = @saved_cs_client */;

--
-- Dumping data for table `recipe_custom_ingredient`
--

LOCK TABLES `recipe_custom_ingredient` WRITE;
/*!40000 ALTER TABLE `recipe_custom_ingredient` DISABLE KEYS */;
/*!40000 ALTER TABLE `recipe_custom_ingredient` ENABLE KEYS */;
UNLOCK TABLES;

--
-- Table structure for table `recipe_detail`
--

DROP TABLE IF EXISTS `recipe_detail`;
/*!40101 SET @saved_cs_client     = @@character_set_client */;
/*!50503 SET character_set_client = utf8mb4 */;
CREATE TABLE `recipe_detail` (
  `recipe_detail_id` int NOT NULL AUTO_INCREMENT,
  `content` varchar(255) NOT NULL,
  `recipe_order` int NOT NULL,
  `recipe_id` int NOT NULL,
  PRIMARY KEY (`recipe_detail_id`),
  KEY `FKfdrrgnik3k55ndypeijt4abj7` (`recipe_id`),
  CONSTRAINT `FKfdrrgnik3k55ndypeijt4abj7` FOREIGN KEY (`recipe_id`) REFERENCES `recipe` (`recipe_id`)
) ENGINE=InnoDB AUTO_INCREMENT=237 DEFAULT CHARSET=utf8mb4 COLLATE=utf8mb4_0900_ai_ci;
/*!40101 SET character_set_client = @saved_cs_client */;

--
-- Dumping data for table `recipe_detail`
--

LOCK TABLES `recipe_detail` WRITE;
/*!40000 ALTER TABLE `recipe_detail` DISABLE KEYS */;
INSERT INTO `recipe_detail` VALUES (72,'돼지고기 핏물은 빼주세요',1,26),(73,'잘익은 김치 한포기를 꺼내서 잘라주세요',2,26),(74,'냄비에 들기름을 적당히 두르고',3,26),(75,'김치를 넣고 볶아주세요',4,26),(76,'다진마늘 한스푼, 설탕 한스푼을 넣어주세요',5,26),(77,'물을 부어 쎈불에 끓여주세요',6,26),(78,'핏물 뺀 돼지고기를 넣어주세요',7,26),(79,'된장 반스푼 넣어주세요',8,26),(80,'양파반개, 고추 한개를 썰어서 넣어주세요',9,26),(81,'간장 두스푼',10,26),(82,'새우젓 두스푼',11,26),(83,'고춧가루 2스푼',12,26),(84,'중불로 오래 끓여주세요',13,26),(85,'파를 썰어 넣고 마무리 해주세요',14,26),(86,'물 6컵을 넣고 다시다나 멸치 등 있는 재료를 이용해 육수를 내줍니다',1,27),(87,'육수에 된장을 2스푼 풀어서 넣어줍니다\n(된장은 1스푼정도만 넣고 끓이다가 간을 맞춰주세요)',2,27),(88,'감자를 넣어줍니다. 감자를 넣고 2분 더 끓여주요',3,27),(89,'양파와 호박을 넣어주세요',4,27),(90,'마늘 1/2스푼을 넣고',5,27),(91,'청양고추와 대파를 넣어서 조금 더 끓여줍니다. 이때 간을 봐주신 후 부족하다면 된장을 더 풀어주시면 됩니다.',6,27),(92,'불 끄기 전 두부를 넣고',7,27),(93,'고고추가루 1/2스푼을 넣고 30초만 더 끓여주면',8,27),(94,'보글글보글 된장찌개 완성입니다!',9,27),(95,'떡 400g을 냄비에 넣어줍니다.',1,28),(96,'물은 종이컵으로 2컵 넣어주세요.',2,28),(97,'설탕은 4큰술 넣어주세요.\n(단걸 안좋아 하시는 분은 2~3큰술 넣으셔도 됩니다)',3,28),(98,'간장 2큰술 넣고',4,28),(99,'고춧가루 1큰술 넣고',5,28),(100,'고추장 1큰술 듬뿍 넣어서 잘 풀어주시고',6,28),(101,'걸쭉해지도록 보글보글 끓여주세요',7,28),(102,'준비해둔 파를 1컵 넣어주세요',8,28),(103,'물이 어느정도 자작해지면 한번 휘리릭 섞어주면 떡볶이 완성!',9,28),(104,'쪽파는 잘 씻어서 다듬은 후 반으로 잘라주세요.',1,29),(105,'달걀은 대충 섞어서 준비해주세요.',2,29),(106,'해물에서 수분이 많이 나오니 바삭한 해물파전을 먹기 위해서는 끓는물에 살짝 데쳐서 준비해주세요.',3,29),(107,'바삭한 해물파전을 위해 튀김가루도 함께 넣으면 좋아요.',4,29),(108,'간장도 미리 만들어주세요',5,29),(109,'쪽파를 반죽에 넣고 골고루 묻게해서 기름두른팬에 펼쳐주세요',6,29),(110,'그 위에 해물을 듬뿍 올려주세요',7,29),(111,'반죽을 조금 더 끼얹어준 후 달걀을 풀어주세요',8,29),(112,'기름을 넉넉히 두르고 노릇노릇 구워주기만 하면 된답니다!',9,29),(113,'재료를 먹기 좋은 크기로 썰어서 준비해 주세요.',1,30),(114,'고추장 2스푼, 간장 2스푼, 고춧가루 2스푼, 다진마늘 1스푼, 굴소스 1스푼, 올리고당 1스푼 넣어서 양념장을 만들어주세요.',2,30),(115,'고기가 익어갈 때 설탕을 넣고 더 구워주는게 포인트',3,30),(116,'손질해둔 야채와 양념장을 넣고 볶아주세요.',4,30),(117,'모든 재료가 다 익으면 제육볶음 끝',5,30),(118,'펜에 올리브유를 넉넉하게 부은 후 대파를 볶아주세요. 센불에 달달 볶아주면 대파 향이 스물스물 올라와요!',1,31),(119,'대파향이 올라오면 그때 베이컨을 넣어주세요.',2,31),(120,'간장 1스푼을 넣어주세요.',3,31),(121,'베이컨이 타기 전까지 볶아주세요.',4,31),(122,'김치를 넣어주세요.',5,31),(123,'혹시나 기름이 부족하다 싶으면 올리브유를 더 넣어주세요.',6,31),(124,'밥 한공기를 넣어주세요',7,31),(125,'달달 볶아주면 완성!!',8,31),(126,'반죽할 그릇에 김치를 담고 가위를 이용해 작작게 잘라주세요.',1,32),(127,'부부침침가루 1커컵을 너넣어주줏주셍세요.\n(김치와 부침가루 비율은 2대1 입니다)',2,32),(128,'김치국물 1국자 넣어주세요.',3,32),(129,'참치 통조림 1개(85g) 넣어주세요.',4,32),(130,'모든 재료를 섞고 물을 넣어가며 반죽 농도를 조절해 주세요.',5,32),(131,'앞, 뒤로 노릇노릇하게 부쳐줍니다.',6,32),(132,'김치전 완성',7,32),(133,'대파는 쫑쫑 썰썰어서, 버터는 한조각 준비해주세요.',1,33),(134,'달걀 3알을 풀어주세요.',2,33),(135,'중약불로 달군 팬에 버터 한조각을 넣어 버터를 먼저 녹여주세요.',3,33),(136,'버터가 녹기 시작하면, 쫑쫑 썰어둔 파를 넣어 파기름을 내주세요.',4,33),(137,'파 향향이 노릇노릇하게 나기 시작하면, 그때 풀어둔 달걀을 넣어주세요.',5,33),(138,'달걀 겉면이 튀겨지듯 올라오면, 그때 스크램블을 만들어 주세요.',6,33),(139,'스크램블이 잘 만들어졌으면, 밥을 넣고 볶아 주세요.',7,33),(140,'굴소스 2T를 넣어주세요.',8,33),(141,'골고루 잘 볶아주시면 완성입니다.',9,33),(145,'끓는 물에 고기를 넣고 3~10분정도 삶아준다.',1,37),(146,'삶아진 고기는 찬물에 헹궈준다.',2,37),(147,'종이컵으로 간장 1/2컵, 설탕 1/4컵, 술 1/4컵, 후추 2컵, 물 2컵을 넣어준다.',3,37),(148,'통마늘을 넣고 생강, 대파를 썰어 넣어준다.',4,37),(149,'마른 고추와 다시마, 표고버섯을 넣고 끓여준다.',5,37),(150,'고기가 충분히 익을 수 있게 끓여준다',6,37),(151,'감자를 채썰어줍니다.',1,38),(152,'당근과 양파도 채썰어 준비합니다.',2,38),(153,'팔팔 끓는 물에 소금 한스푼 넣어주고 채썰어 놓은걸 넣어주세요.',3,38),(154,'딱 2분!! 약간 설 익은듯 익어야 기름 넣고 볶을 때 부서지지 않는답니다.',4,38),(155,'삶은 다음 체에 걸러 물을 빼주세요.',5,38),(156,'달궈진 펜에 올리브유를 두르고 당근을 넣어 볶은 다음 양파 넣고 어느정도 익은 후 데친 감자를 넣어주세요.',6,38),(157,'그릇에 담아주면 맛있는 감자볶음 완성!',7,38),(158,'돼지고기에 칼집을 내줍니다.',1,39),(159,'앞뒤로 후춧가루를 뿌려 밑간해 줍니다.',2,39),(160,'양파, 사과를 곱게 갈아서 고기에 붓는다.',3,39),(161,'간장 반컵에 맛술을 넣고',4,39),(162,'다진마늘도 넣고 고기에 간이 배도록 주물주물 잠시 재어주세요.',5,39),(163,'밀가루 옷을 입히고, 달걀물에 넣어줍니다.',6,39),(164,'빵가루를 입혀줍니다.',7,39),(165,'기름을 넉넉히 넣은 펜에 돈까스를 넣고 튀겨줍니다.',8,39),(166,'돈가스 소스를 뿌려서 완성!',9,39),(167,'바나나는 껍질을 벗기지 않은 상태로 반으로 잘라 사용합니다.',1,40),(168,'반을 자른 바나나 위에 버터를 올리고 180도에서 5분을 돌려줍니다.',2,40),(169,'버터가 녹으면 설탕을 뿌린 후 180도에서 10분을 다시 돌려줍니다.',3,40),(170,'맛이있는 바나나 구이 완성~!!',4,40),(171,'반죽을 하고 반죽을 편다.',1,41),(172,'토마토 소스를 펴바른다.',2,41),(173,'치즈를 뿌린다.',3,41),(174,'햄을 올린다.',4,41),(175,'180도 오븐에 100분 굽는다.',5,41),(176,'달걀물에 해동한 대구를 입힌뒤 밀가루를 골고루 묻힌다.',1,42),(177,'200도로 예열된 기름에 색이 연노란색이 될때까지 튀긴다.',2,42),(178,'3분동안 레스팅 후 다시 180도 기름에 노란색이 될때까지 튀긴다',3,42),(179,'식힌후 마요네즈에 적절히 레몬즙을 짠 소스와 함께 먹는다',4,42),(180,'민트와 크림 그리고 식용색소를 넣고 너무높지 않은 온도에서 끓인다.',1,43),(181,'천천히 얼리면서 준비해둔 초콜릿을 부숴 넣는다.',2,43),(182,'부드럽게 공기를 넣어준다.',3,43),(183,'돼지고기를 알맞은크기로 자른다.',1,44),(184,'전분물을 준비하고 2시간 정도 기다리여 가라앉을때까지 기다린다.',2,44),(185,'전분물을 묻혀 반죽을입힌 고기를 튀겨준다.',3,44),(186,'간장, 식초, 파인애플 적당히, 전분물을 섞어 기본소스를 만든다.',4,44),(187,'센불에 빠르게 소스와 튀긴 고기를 넣고 볶는다.',5,44),(188,'달걀로 머랭을 친다.',1,45),(189,'머랭에 슈가 파우더를 뿌려준 뒤 약불에 머랭을 올린다.',2,45),(190,'머랭을 균일하게 익힌뒤 색깔이 나기 시작하면 초콜릿을 물중탕하여 녹인다.',3,45),(191,'머랭여러장을 굽고 사이사이 생크림을 적절히 넣어 무너지지 않게 한다.',4,45),(192,'초콜릿을 그 위에 끼얹고 냉동실에 30분 정도 놔둔다.',5,45),(193,'냉장고에 보관한다.',6,45),(200,'고구마 껍질을 깎는다.',1,47),(201,'고구마를 적당히 삶아 익힌다.',2,47),(202,'물엿 물, 설탕을 넣고 그 소소를 졸인다.',3,47),(203,'소스와 고구마를 넣고 강불에 빠르게 볶는다.',4,47),(204,'달군 기름에 해물을 넣고 볶는다.',1,48),(205,'홍합이 입을 벌리면 간장, 고춧가루를 적당히 넣고 볶는다.',2,48),(206,'물과 분말스프를 넣고 물이 끓기를 기다린다.',3,48),(207,'면을 넣고 취향껏 익힌다.',4,48),(208,'불린 코다리를 맛술과 간장에 재워 간장이 배게 한다.',1,49),(209,'넣고 싶은 채소, 코다리, 물, 양념을 냄비에 넣는다.',2,49),(210,'끓인다.',3,49),(218,'새우를 잘 손질하고 물기를 닦아준다',1,52),(219,'전분물에 새우를 담가 반죽을 잘 묻힌다',2,52),(220,'예열한 기름에 새우를 튀긴다',3,52),(221,'칠리소스에 채소를 넣고 가열한다.',4,52),(222,'완성된 소스에 새우 튀김을 버무린다.',5,52),(223,'정육된 닭고기를 술에다 재워 잡내를 제거한다.',1,53),(224,'간장 고추장 물엿 설탕 고춧가루를 잘 섞어 적당한 점도와 간을 맞춘다.',2,53),(225,'다진마늘을 소스에 넣은 뒤 닭고기를 재운다.',3,53),(226,'소스를 잘 묻힌 닭고기를 잘 굽는다.',4,53),(227,'닭고기를 달군 팬에 잘 굽는다.',1,54),(228,'닭고기를 구운 팬에 육수, 샐러리, 큐민, 강황등을 넣고 약불에 끓인다.',2,54),(229,'카레 파우더를 적당한 점도와 향이 될 때까지 넣는다.',3,54),(230,'야채를 많이 넣고 닭고기가 슬슬 익어가면 쌀을 씻고 밥을 앉힌다.',4,54),(231,'적당히 카레와 밥이 완성되면 같이 곁들여 먹일 난을 준비한다.',5,54),(232,'냄비에 식용유를 두른다',1,55),(233,'송송 썬 대파를 넣고 약불에 파기름을 낸다',2,55),(234,'물 500ml과 미원을 약간 넣는다',3,55),(235,'강불에 3분 30초 끓인다',4,55),(236,'30초정도 기다린 후 맛있게 먹는다',5,55);
/*!40000 ALTER TABLE `recipe_detail` ENABLE KEYS */;
UNLOCK TABLES;

--
-- Table structure for table `recipe_ingredient`
--

DROP TABLE IF EXISTS `recipe_ingredient`;
/*!40101 SET @saved_cs_client     = @@character_set_client */;
/*!50503 SET character_set_client = utf8mb4 */;
CREATE TABLE `recipe_ingredient` (
  `recipe_ingredient_seq` int NOT NULL AUTO_INCREMENT,
  `amount` varchar(10) DEFAULT NULL,
  `ingredient_info_id` smallint NOT NULL,
  `recipe_id` int NOT NULL,
  PRIMARY KEY (`recipe_ingredient_seq`),
  KEY `FKgu1oxq7mbcgkx5dah6o8geirh` (`recipe_id`),
  KEY `recipe_ingredient_info_idx` (`ingredient_info_id`),
  CONSTRAINT `FKgu1oxq7mbcgkx5dah6o8geirh` FOREIGN KEY (`recipe_id`) REFERENCES `recipe` (`recipe_id`),
  CONSTRAINT `recipe_ingredient_info` FOREIGN KEY (`ingredient_info_id`) REFERENCES `ingredient_info` (`ingredient_info_id`)
) ENGINE=InnoDB AUTO_INCREMENT=196 DEFAULT CHARSET=utf8mb4 COLLATE=utf8mb4_0900_ai_ci;
/*!40101 SET character_set_client = @saved_cs_client */;

--
-- Dumping data for table `recipe_ingredient`
--

LOCK TABLES `recipe_ingredient` WRITE;
/*!40000 ALTER TABLE `recipe_ingredient` DISABLE KEYS */;
INSERT INTO `recipe_ingredient` VALUES (33,'300g',171,26),(34,'1스푼',444,26),(35,'2스푼',6,26),(36,'적당량',151,26),(37,'1개',696,26),(38,'8종이컵',304,26),(39,'2스푼',428,26),(40,'1포기',84,26),(41,'2스푼',55,26),(42,'1/2개',547,26),(43,'1스푼',127,26),(44,'적당량',194,26),(45,'1/2스푼',187,26),(46,'1/2모',191,27),(47,'1/2개',547,27),(48,'1/2개',11,27),(49,'1/3개',856,27),(50,'1/2개',151,27),(51,'2개',696,27),(52,'2스푼',187,27),(53,'1/2스푼',233,27),(54,'6컵',304,27),(55,'적당히',125,27),(56,'적당히',278,27),(57,'400g',203,28),(58,'2컵',304,28),(59,'1컵',151,28),(60,'4T',444,28),(61,'2T',6,28),(62,'1T',54,28),(63,'1T',55,28),(64,'200g',669,29),(65,'1마리',583,29),(66,'2줌',425,29),(67,'2개',134,29),(68,'3T',6,29),(69,'1T',55,29),(70,'1T',494,29),(71,'1T',444,29),(72,'0.5T',127,29),(73,'0.5T',89,29),(74,'0.5T',675,29),(75,'1/2컵',388,29),(76,'1/2컵',786,29),(77,'1컵',304,29),(78,'600g',171,30),(79,'1개',547,30),(80,'2개',696,30),(81,'1뿌리',151,30),(82,'2스푼',444,30),(83,'2스푼',54,30),(84,'2스푼',6,30),(85,'2스푼',55,30),(86,'1스푼',127,30),(87,'1스푼',74,30),(88,'1스푼',591,30),(89,'1국그릇 가득',84,31),(90,'1개',151,31),(91,'3장',369,31),(92,'2개',134,31),(93,'1스푼',6,31),(94,'약간',593,31),(95,'2컵',84,32),(96,'1캔(85g)',680,32),(97,'1컵',388,32),(98,'적당량',493,32),(99,'3알',134,33),(100,'1조각',366,33),(101,'2T',74,33),(102,'1줄기',151,33),(106,'300g',446,37),(107,'약간',432,37),(108,'약간',125,37),(109,'2개',816,37),(110,'1/4컵',444,37),(111,'약간',884,37),(112,'8개',233,37),(113,'3개',23,37),(114,'1/2쪽',151,37),(115,'1/2컵',6,37),(116,'2컵',304,37),(117,'3개',11,38),(118,'1/2개',145,38),(119,'1개',547,38),(120,'1/2스푼',251,38),(121,'약간',783,38),(122,'적당히',324,39),(123,'5개',134,39),(124,'적당히',409,39),(125,'1/2컵',6,39),(126,'4큰술',252,39),(127,'1/2개',411,39),(128,'1/2개',547,39),(129,'1큰술',127,39),(130,'약간',884,39),(131,'10장',178,39),(132,'',331,40),(133,'',444,40),(134,'',366,40),(135,'400g',797,41),(136,'400g',327,41),(137,'300g',717,41),(138,'150g',845,41),(139,'300g',777,41),(140,'300g',149,42),(141,'5개',11,42),(142,'10g',463,42),(143,'50g',322,43),(144,'200g',709,43),(145,'150g',134,43),(146,'500g',171,44),(147,'100g',646,44),(148,'1L',493,44),(149,'300g',798,44),(150,'150g',709,45),(151,'500g',326,45),(152,'4개',134,45),(156,'300g',40,47),(157,'200g',307,47),(158,'200g',444,47),(159,'100g',871,48),(160,'100g',583,48),(161,'50g',55,48),(162,'1개',204,48),(163,'400g',741,49),(164,'100g',55,49),(165,'300g',6,49),(166,'50g',233,49),(167,'50g',252,49),(176,'200g',425,52),(177,'300g',720,52),(178,'200g',646,52),(179,'300g',134,52),(180,'100g',55,53),(181,'150g',54,53),(182,'50g',233,53),(183,'100g',252,53),(184,'100g',444,53),(185,'300g',139,53),(186,'550g',139,54),(187,'300g',725,54),(188,'50g',758,54),(189,'500g',499,54),(190,'300g',134,54),(191,'500g',547,54),(192,'1개',204,55),(193,'조금',320,55),(194,'있으면 좋음',151,55),(195,'조금',493,55);
/*!40000 ALTER TABLE `recipe_ingredient` ENABLE KEYS */;
UNLOCK TABLES;
/*!40103 SET TIME_ZONE=@OLD_TIME_ZONE */;

/*!40101 SET SQL_MODE=@OLD_SQL_MODE */;
/*!40014 SET FOREIGN_KEY_CHECKS=@OLD_FOREIGN_KEY_CHECKS */;
/*!40014 SET UNIQUE_CHECKS=@OLD_UNIQUE_CHECKS */;
/*!40101 SET CHARACTER_SET_CLIENT=@OLD_CHARACTER_SET_CLIENT */;
/*!40101 SET CHARACTER_SET_RESULTS=@OLD_CHARACTER_SET_RESULTS */;
/*!40101 SET COLLATION_CONNECTION=@OLD_COLLATION_CONNECTION */;
/*!40111 SET SQL_NOTES=@OLD_SQL_NOTES */;

-- Dump completed on 2023-10-06 10:25:40
